campaign,comparison_arm,kem_level,variant,variant_name,model,target_prr,mean_bad_burst,p_gb,p_bg,forced_loss,number_of_runs,client_evaluated_runs,evaluated_runs,successful_runs,success_rate,targeted_test_reached_runs,targeted_test_reached_rate,precondition_not_reached_runs,precondition_not_reached_rate,invalid_targeted_runs,mean_latency_success,median_latency_success,mean_application_retries,mean_selective_retransmissions,mean_rfrag_retransmissions,mean_rfrag_rto_expired,mean_rfrag_null_ack_rx,mean_rfrag_partial_ack_rx,mean_rfrag_ack_tx,mean_fragments_tx,forced_loss_applied_rate
B_V1_V2_FIRST_LOSS,V1,1024,3,V1_RFRAG_INITIAL_FINAL_ACK,fixed,0.5,,,,first_fragment,30,30,12,12,1.0,12,0.4,18,0.6,0,5299.5,5147.0,0.0,4.166666666666667,7.666666666666667,3.5,0.0,4.166666666666667,7.5,41.666666666666664,0.8333333333333334
B_V1_V2_FIRST_LOSS,V1,1024,3,V1_RFRAG_INITIAL_FINAL_ACK,fixed,0.85,,,,first_fragment,30,30,20,20,1.0,20,0.6666666666666666,10,0.3333333333333333,0,2627.55,2145.0,0.0,1.25,2.6,1.35,0.0,2.85,5.05,36.6,1.0
B_V1_V2_FIRST_LOSS,V1,1024,3,V1_RFRAG_INITIAL_FINAL_ACK,fixed,0.9,,,,first_fragment,30,30,23,23,1.0,23,0.7666666666666667,7,0.23333333333333334,0,2369.521739130435,2121.0,0.0,0.782608695652174,2.0,1.2173913043478262,0.0,2.608695652173913,4.782608695652174,36.0,0.9565217391304348
B_V1_V2_FIRST_LOSS,V1,1024,3,V1_RFRAG_INITIAL_FINAL_ACK,fixed,0.95,,,,first_fragment,30,30,27,27,1.0,27,0.9,3,0.1,0,2197.925925925926,2095.0,0.0,0.4444444444444444,1.5555555555555556,1.1111111111111112,0.0,2.3703703703703702,4.444444444444445,35.55555555555556,1.0
B_V1_V2_FIRST_LOSS,V1,1024,3,V1_RFRAG_INITIAL_FINAL_ACK,fixed,1.0,,,,first_fragment,30,30,30,30,1.0,30,1.0,0,0.0,0,2069.266666666667,2070.0,0.0,0.0,1.0,1.0,0.0,2.0,4.0,35.0,1.0
B_V1_V2_FIRST_LOSS,V1,1024,3,V1_RFRAG_INITIAL_FINAL_ACK,gilbert,0.5,10.0,0.1,0.1,first_fragment,30,30,4,0,0.0,4,0.13333333333333333,26,0.8666666666666667,0,,,0.0,4.25,8.5,5.25,0.0,1.5,2.0,25.75,0.75
B_V1_V2_FIRST_LOSS,V1,1024,3,V1_RFRAG_INITIAL_FINAL_ACK,gilbert,0.5,2.0,0.5,0.5,first_fragment,30,30,0,0,,0,0.0,30,1.0,0,,,,,,,,,,,
B_V1_V2_FIRST_LOSS,V1,1024,3,V1_RFRAG_INITIAL_FINAL_ACK,gilbert,0.5,5.0,0.2,0.2,first_fragment,30,30,1,0,0.0,1,0.03333333333333333,29,0.9666666666666667,0,,,0.0,0.0,3.0,4.0,0.0,0.0,2.0,4.0,1.0
B_V1_V2_FIRST_LOSS,V1,1024,3,V1_RFRAG_INITIAL_FINAL_ACK,gilbert,0.85,10.0,0.0176470588,0.1,first_fragment,30,30,20,13,0.65,20,0.6666666666666666,10,0.3333333333333333,0,2247.076923076923,2103.0,0.0,1.263157894736842,4.105263157894737,3.3684210526315788,0.0,2.1052631578947367,4.473684210526316,34.68421052631579,1.0
B_V1_V2_FIRST_LOSS,V1,1024,3,V1_RFRAG_INITIAL_FINAL_ACK,gilbert,0.85,2.0,0.0882352941,0.5,first_fragment,30,30,15,14,0.9333333333333333,15,0.5,15,0.5,0,5262.5,4195.5,0.0,4.733333333333333,8.066666666666666,3.4,0.0,3.8,6.866666666666666,42.06666666666667,0.8666666666666667
B_V1_V2_FIRST_LOSS,V1,1024,3,V1_RFRAG_INITIAL_FINAL_ACK,gilbert,0.85,5.0,0.0352941176,0.2,first_fragment,30,30,18,11,0.6111111111111112,18,0.6,12,0.4,0,3732.2727272727275,2219.0,0.0,3.0,5.470588235294118,2.8823529411764706,0.0,2.411764705882353,4.588235294117647,33.588235294117645,0.9444444444444444
B_V1_V2_FIRST_LOSS,V1,1024,3,V1_RFRAG_INITIAL_FINAL_ACK,gilbert,0.9,10.0,0.0111111111,0.1,first_fragment,30,30,22,17,0.7727272727272727,22,0.7333333333333333,8,0.26666666666666666,0,2319.235294117647,2103.0,0.0,0.8181818181818182,2.909090909090909,2.3636363636363638,0.0,2.272727272727273,4.409090909090909,36.18181818181818,1.0
B_V1_V2_FIRST_LOSS,V1,1024,3,V1_RFRAG_INITIAL_FINAL_ACK,gilbert,0.9,2.0,0.0555555556,0.5,first_fragment,30,30,19,19,1.0,19,0.6333333333333333,11,0.36666666666666664,0,4144.526315789473,3097.0,0.0,3.3157894736842106,5.473684210526316,2.1578947368421053,0.0,3.3684210526315788,5.578947368421052,39.473684210526315,0.9473684210526315
B_V1_V2_FIRST_LOSS,V1,1024,3,V1_RFRAG_INITIAL_FINAL_ACK,gilbert,0.9,5.0,0.0222222222,0.2,first_fragment,30,30,20,15,0.75,20,0.6666666666666666,10,0.3333333333333333,0,2868.733333333333,2183.0,0.0,2.15,4.15,2.25,0.0,2.5,4.6,35.65,1.0
B_V1_V2_FIRST_LOSS,V1,1024,3,V1_RFRAG_INITIAL_FINAL_ACK,gilbert,0.95,10.0,0.0052631579,0.1,first_fragment,30,30,24,22,0.9166666666666666,24,0.8,6,0.2,0,2171.5454545454545,2101.5,0.0,0.5217391304347826,2.0434782608695654,1.608695652173913,0.0,2.1739130434782608,4.217391304347826,35.30434782608695,1.0
B_V1_V2_FIRST_LOSS,V1,1024,3,V1_RFRAG_INITIAL_FINAL_ACK,gilbert,0.95,2.0,0.0263157895,0.5,first_fragment,30,30,21,21,1.0,21,0.7,9,0.3,0,3317.4285714285716,2224.0,0.0,1.380952380952381,2.9523809523809526,1.5714285714285714,0.0,2.761904761904762,4.809523809523809,36.95238095238095,0.9047619047619048
B_V1_V2_FIRST_LOSS,V1,1024,3,V1_RFRAG_INITIAL_FINAL_ACK,gilbert,0.95,5.0,0.0105263158,0.2,first_fragment,30,30,23,19,0.8260869565217391,23,0.7666666666666667,7,0.23333333333333334,0,2360.6315789473683,2104.0,0.0,1.1304347826086956,2.8260869565217392,1.8695652173913044,0.0,2.347826086956522,4.391304347826087,36.08695652173913,1.0
B_V1_V2_FIRST_LOSS,V1,512,3,V1_RFRAG_INITIAL_FINAL_ACK,fixed,0.5,,,,first_fragment,30,30,12,12,1.0,12,0.4,18,0.6,0,4434.916666666667,3803.5,0.0,2.1666666666666665,5.333333333333333,3.1666666666666665,0.0,3.6666666666666665,6.5,23.333333333333332,0.8333333333333334
B_V1_V2_FIRST_LOSS,V1,512,3,V1_RFRAG_INITIAL_FINAL_ACK,fixed,0.85,,,,first_fragment,30,30,20,20,1.0,20,0.6666666666666666,10,0.3333333333333333,0,1932.3,1612.0,0.0,0.55,1.9,1.35,0.0,2.5,4.8,19.9,1.0
B_V1_V2_FIRST_LOSS,V1,512,3,V1_RFRAG_INITIAL_FINAL_ACK,fixed,0.9,,,,first_fragment,30,30,23,23,1.0,23,0.7666666666666667,7,0.23333333333333334,0,1785.9565217391305,1596.0,0.0,0.13043478260869565,1.3478260869565217,1.2173913043478262,0.0,2.130434782608696,4.260869565217392,19.347826086956523,0.9565217391304348
B_V1_V2_FIRST_LOSS,V1,512,3,V1_RFRAG_INITIAL_FINAL_ACK,fixed,0.95,,,,first_fragment,30,30,27,27,1.0,27,0.9,3,0.1,0,1684.148148148148,1598.0,0.0,0.14814814814814814,1.2592592592592593,1.1111111111111112,0.0,2.1481481481481484,4.185185185185185,19.25925925925926,1.0
B_V1_V2_FIRST_LOSS,V1,512,3,V1_RFRAG_INITIAL_FINAL_ACK,fixed,1.0,,,,first_fragment,30,30,30,30,1.0,30,1.0,0,0.0,0,1604.0333333333333,1597.0,0.0,0.0,1.0,1.0,0.0,2.0,4.0,19.0,1.0
B_V1_V2_FIRST_LOSS,V1,512,3,V1_RFRAG_INITIAL_FINAL_ACK,gilbert,0.5,10.0,0.1,0.1,first_fragment,30,30,4,1,0.25,4,0.13333333333333333,26,0.8666666666666667,0,7855.0,7855.0,0.0,0.0,4.0,5.0,0.0,0.6666666666666666,1.0,10.333333333333334,0.75
B_V1_V2_FIRST_LOSS,V1,512,3,V1_RFRAG_INITIAL_FINAL_ACK,gilbert,0.5,2.0,0.5,0.5,first_fragment,30,30,0,0,,0,0.0,30,1.0,0,,,,,,,,,,,
B_V1_V2_FIRST_LOSS,V1,512,3,V1_RFRAG_INITIAL_FINAL_ACK,gilbert,0.5,5.0,0.2,0.2,first_fragment,30,30,1,0,0.0,1,0.03333333333333333,29,0.9666666666666667,0,,,0.0,0.0,3.0,4.0,0.0,0.0,2.0,4.0,1.0
B_V1_V2_FIRST_LOSS,V1,512,3,V1_RFRAG_INITIAL_FINAL_ACK,gilbert,0.85,10.0,0.0176470588,0.1,first_fragment,30,30,20,15,0.75,20,0.6666666666666666,10,0.3333333333333333,0,1827.6666666666667,1659.0,0.0,0.5263157894736842,2.9473684210526314,2.789473684210526,0.0,2.0,4.421052631578948,19.210526315789473,1.0
B_V1_V2_FIRST_LOSS,V1,512,3,V1_RFRAG_INITIAL_FINAL_ACK,gilbert,0.85,2.0,0.0882352941,0.5,first_fragment,30,30,15,14,0.9333333333333333,15,0.5,15,0.5,0,3833.714285714286,2625.0,0.0,1.4,4.466666666666667,3.1333333333333333,0.0,2.8,5.666666666666667,21.933333333333334,0.8666666666666667
B_V1_V2_FIRST_LOSS,V1,512,3,V1_RFRAG_INITIAL_FINAL_ACK,gilbert,0.85,5.0,0.0352941176,0.2,first_fragment,30,30,18,13,0.7222222222222222,18,0.6,12,0.4,0,3649.5384615384614,1659.0,0.0,0.7222222222222222,3.5,3.0555555555555554,0.0,1.8888888888888888,4.222222222222222,18.61111111111111,0.9444444444444444
B_V1_V2_FIRST_LOSS,V1,512,3,V1_RFRAG_INITIAL_FINAL_ACK,gilbert,0.9,10.0,0.0111111111,0.1,first_fragment,30,30,22,20,0.9090909090909091,22,0.7333333333333333,8,0.26666666666666666,0,1885.65,1618.5,0.0,0.6666666666666666,2.0952380952380953,1.5238095238095237,0.0,2.1904761904761907,4.333333333333333,19.714285714285715,1.0
B_V1_V2_FIRST_LOSS,V1,512,3,V1_RFRAG_INITIAL_FINAL_ACK,gilbert,0.9,2.0,0.0555555556,0.5,first_fragment,30,30,19,18,0.9473684210526315,19,0.6333333333333333,11,0.36666666666666664,0,3332.777777777778,1741.0,0.0,1.0526315789473684,3.4210526315789473,2.4210526315789473,0.0,2.6315789473684212,4.894736842105263,20.94736842105263,0.9473684210526315
B_V1_V2_FIRST_LOSS,V1,512,3,V1_RFRAG_INITIAL_FINAL_ACK,gilbert,0.9,5.0,0.0222222222,0.2,first_fragment,30,30,20,16,0.8,20,0.6666666666666666,10,0.3333333333333333,0,2119.75,1614.5,0.0,0.5,2.15,1.85,0.0,2.0,3.75,18.4,1.0
B_V1_V2_FIRST_LOSS,V1,512,3,V1_RFRAG_INITIAL_FINAL_ACK,gilbert,0.95,10.0,0.0052631579,0.1,first_fragment,30,30,24,21,0.875,24,0.8,6,0.2,0,1613.047619047619,1598.0,0.0,0.25,1.625,1.5,0.0,2.0,4.0,18.916666666666668,1.0
B_V1_V2_FIRST_LOSS,V1,512,3,V1_RFRAG_INITIAL_FINAL_ACK,gilbert,0.95,2.0,0.0263157895,0.5,first_fragment,30,30,21,20,0.9523809523809523,21,0.7,9,0.3,0,2777.65,1634.0,0.0,0.38095238095238093,2.1904761904761907,1.8571428571428572,0.0,2.238095238095238,4.285714285714286,19.761904761904763,0.9047619047619048
B_V1_V2_FIRST_LOSS,V1,512,3,V1_RFRAG_INITIAL_FINAL_ACK,gilbert,0.95,5.0,0.0105263158,0.2,first_fragment,30,30,23,21,0.9130434782608695,23,0.7666666666666667,7,0.23333333333333334,0,1784.857142857143,1614.0,0.0,1.0,2.347826086956522,1.434782608695652,0.0,2.217391304347826,4.086956521739131,19.956521739130434,1.0
B_V1_V2_FIRST_LOSS,V1,768,3,V1_RFRAG_INITIAL_FINAL_ACK,fixed,0.5,,,,first_fragment,30,30,12,11,0.9166666666666666,12,0.4,18,0.6,0,4043.0,3956.0,0.0,2.8333333333333335,5.25,2.5,0.0,3.5,5.916666666666667,29.25,0.8333333333333334
B_V1_V2_FIRST_LOSS,V1,768,3,V1_RFRAG_INITIAL_FINAL_ACK,fixed,0.85,,,,first_fragment,30,30,20,20,1.0,20,0.6666666666666666,10,0.3333333333333333,0,2142.6,1854.5,0.0,0.75,1.95,1.2,0.0,2.6,4.8,26.95,1.0
B_V1_V2_FIRST_LOSS,V1,768,3,V1_RFRAG_INITIAL_FINAL_ACK,fixed,0.9,,,,first_fragment,30,30,23,23,1.0,23,0.7666666666666667,7,0.23333333333333334,0,2004.391304347826,1848.0,0.0,0.43478260869565216,1.565217391304348,1.1304347826086956,0.0,2.391304347826087,4.521739130434782,26.565217391304348,0.9565217391304348
B_V1_V2_FIRST_LOSS,V1,768,3,V1_RFRAG_INITIAL_FINAL_ACK,fixed,0.95,,,,first_fragment,30,30,27,27,1.0,27,0.9,3,0.1,0,1892.0,1821.0,0.0,0.25925925925925924,1.3333333333333333,1.0740740740740742,0.0,2.2222222222222223,4.2592592592592595,26.333333333333332,1.0
B_V1_V2_FIRST_LOSS,V1,768,3,V1_RFRAG_INITIAL_FINAL_ACK,fixed,1.0,,,,first_fragment,30,30,30,30,1.0,30,1.0,0,0.0,0,1804.5333333333333,1803.0,0.0,0.0,1.0,1.0,0.0,2.0,4.0,26.0,1.0
B_V1_V2_FIRST_LOSS,V1,768,3,V1_RFRAG_INITIAL_FINAL_ACK,gilbert,0.5,10.0,0.1,0.1,first_fragment,30,30,4,0,0.0,4,0.13333333333333333,26,0.8666666666666667,0,,,0.0,0.5,5.0,5.5,0.0,1.25,1.75,18.0,0.75
B_V1_V2_FIRST_LOSS,V1,768,3,V1_RFRAG_INITIAL_FINAL_ACK,gilbert,0.5,2.0,0.5,0.5,first_fragment,30,30,0,0,,0,0.0,30,1.0,0,,,,,,,,,,,
B_V1_V2_FIRST_LOSS,V1,768,3,V1_RFRAG_INITIAL_FINAL_ACK,gilbert,0.5,5.0,0.2,0.2,first_fragment,30,30,1,0,0.0,1,0.03333333333333333,29,0.9666666666666667,0,,,0.0,0.0,3.0,4.0,0.0,0.0,2.0,4.0,1.0
B_V1_V2_FIRST_LOSS,V1,768,3,V1_RFRAG_INITIAL_FINAL_ACK,gilbert,0.85,10.0,0.0176470588,0.1,first_fragment,30,30,20,14,0.7,20,0.6666666666666666,10,0.3333333333333333,0,1962.2142857142858,1807.0,0.0,0.42105263157894735,2.8947368421052633,2.8947368421052633,0.0,1.9473684210526316,4.052631578947368,25.473684210526315,1.0
B_V1_V2_FIRST_LOSS,V1,768,3,V1_RFRAG_INITIAL_FINAL_ACK,gilbert,0.85,2.0,0.0882352941,0.5,first_fragment,30,30,15,13,0.8666666666666667,15,0.5,15,0.5,0,5482.2307692307695,5014.0,0.0,2.5384615384615383,5.846153846153846,3.4615384615384617,0.0,3.1538461538461537,5.923076923076923,29.923076923076923,0.8666666666666667
B_V1_V2_FIRST_LOSS,V1,768,3,V1_RFRAG_INITIAL_FINAL_ACK,gilbert,0.85,5.0,0.0352941176,0.2,first_fragment,30,30,18,11,0.6111111111111112,18,0.6,12,0.4,0,2982.181818181818,1942.0,0.0,1.5555555555555556,4.166666666666667,3.0,0.0,2.0555555555555554,4.0,25.166666666666668,0.9444444444444444
B_V1_V2_FIRST_LOSS,V1,768,3,V1_RFRAG_INITIAL_FINAL_ACK,gilbert,0.9,10.0,0.0111111111,0.1,first_fragment,30,30,22,19,0.8636363636363636,22,0.7333333333333333,8,0.26666666666666666,0,1926.421052631579,1809.0,0.0,0.5714285714285714,2.3333333333333335,1.9047619047619047,0.0,2.1904761904761907,4.333333333333333,26.761904761904763,1.0
B_V1_V2_FIRST_LOSS,V1,768,3,V1_RFRAG_INITIAL_FINAL_ACK,gilbert,0.9,2.0,0.0555555556,0.5,first_fragment,30,30,19,18,0.9473684210526315,19,0.6333333333333333,11,0.36666666666666664,0,4111.777777777777,2393.5,0.0,1.9473684210526316,4.2631578947368425,2.3684210526315788,0.0,3.0526315789473686,5.473684210526316,29.263157894736842,0.9473684210526315
B_V1_V2_FIRST_LOSS,V1,768,3,V1_RFRAG_INITIAL_FINAL_ACK,gilbert,0.9,5.0,0.0222222222,0.2,first_fragment,30,30,20,16,0.8,20,0.6666666666666666,10,0.3333333333333333,0,2790.3125,1828.5,0.0,1.25,3.25,2.2,0.0,2.2,4.05,25.85,1.0
B_V1_V2_FIRST_LOSS,V1,768,3,V1_RFRAG_INITIAL_FINAL_ACK,gilbert,0.95,10.0,0.0052631579,0.1,first_fragment,30,30,24,21,0.875,24,0.8,6,0.2,0,1955.1904761904761,1809.0,0.0,0.375,1.9583333333333333,1.7083333333333333,0.0,2.0833333333333335,4.125,26.458333333333332,1.0
B_V1_V2_FIRST_LOSS,V1,768,3,V1_RFRAG_INITIAL_FINAL_ACK,gilbert,0.95,2.0,0.0263157895,0.5,first_fragment,30,30,21,21,1.0,21,0.7,9,0.3,0,2899.4285714285716,1886.0,0.0,1.05,2.5,1.45,0.0,2.65,4.65,27.5,0.9047619047619048
B_V1_V2_FIRST_LOSS,V1,768,3,V1_RFRAG_INITIAL_FINAL_ACK,gilbert,0.95,5.0,0.0105263158,0.2,first_fragment,30,30,23,21,0.9130434782608695,23,0.7666666666666667,7,0.23333333333333334,0,1882.5238095238096,1824.0,0.0,0.9565217391304348,2.4347826086956523,1.565217391304348,0.0,2.217391304347826,4.217391304347826,26.391304347826086,1.0
B_V1_V2_FIRST_LOSS,V2,1024,4,V2_RFRAG_FINAL_ACK_APP_RETRY,fixed,0.5,,,,first_fragment,30,30,12,8,0.6666666666666666,12,0.4,18,0.6,0,122433.875,121620.5,0.75,2.5833333333333335,3.75,1.1666666666666667,1.0833333333333333,1.3333333333333333,4.333333333333333,46.25,0.8333333333333334
B_V1_V2_FIRST_LOSS,V2,1024,4,V2_RFRAG_FINAL_ACK_APP_RETRY,fixed,0.85,,,,first_fragment,30,30,20,18,0.9,20,0.6666666666666666,10,0.3333333333333333,0,121210.0,121058.5,1.0,1.7,2.1,0.4,1.1,1.15,4.35,53.1,1.0
B_V1_V2_FIRST_LOSS,V2,1024,4,V2_RFRAG_FINAL_ACK_APP_RETRY,fixed,0.9,,,,first_fragment,30,30,23,22,0.9565217391304348,23,0.7666666666666667,7,0.23333333333333334,0,121294.22727272728,121068.0,1.0,0.9565217391304348,1.3478260869565217,0.391304347826087,1.0434782608695652,0.782608695652174,3.9565217391304346,52.34782608695652,0.9565217391304348
B_V1_V2_FIRST_LOSS,V2,1024,4,V2_RFRAG_FINAL_ACK_APP_RETRY,fixed,0.95,,,,first_fragment,30,30,27,27,1.0,27,0.9,3,0.1,0,121186.5925925926,121011.0,1.0,0.5555555555555556,0.8518518518518519,0.2962962962962963,1.0,0.4444444444444444,3.5555555555555554,51.851851851851855,1.0
B_V1_V2_FIRST_LOSS,V2,1024,4,V2_RFRAG_FINAL_ACK_APP_RETRY,fixed,1.0,,,,first_fragment,30,30,30,30,1.0,30,1.0,0,0.0,0,120968.16666666667,120962.5,1.0,0.0,0.0,0.0,1.0,0.0,3.0,51.0,1.0
B_V1_V2_FIRST_LOSS,V2,1024,4,V2_RFRAG_FINAL_ACK_APP_RETRY,gilbert,0.5,10.0,0.1,0.1,first_fragment,30,30,4,0,0.0,4,0.13333333333333333,26,0.8666666666666667,0,,,0.25,0.0,2.5,3.0,0.75,0.0,0.75,23.75,0.75
B_V1_V2_FIRST_LOSS,V2,1024,4,V2_RFRAG_FINAL_ACK_APP_RETRY,gilbert,0.5,2.0,0.5,0.5,first_fragment,30,30,0,0,,0,0.0,30,1.0,0,,,,,,,,,,,
B_V1_V2_FIRST_LOSS,V2,1024,4,V2_RFRAG_FINAL_ACK_APP_RETRY,gilbert,0.5,5.0,0.2,0.2,first_fragment,30,30,1,0,0.0,1,0.03333333333333333,29,0.9666666666666667,0,,,0.0,0.0,3.0,4.0,0.0,0.0,0.0,20.0,1.0
B_V1_V2_FIRST_LOSS,V2,1024,4,V2_RFRAG_FINAL_ACK_APP_RETRY,gilbert,0.85,10.0,0.0176470588,0.1,first_fragment,30,30,20,8,0.4,20,0.6666666666666666,10,0.3333333333333333,0,121101.5,120950.5,0.7,0.9,2.3,1.65,1.05,0.1,2.65,40.55,1.0
B_V1_V2_FIRST_LOSS,V2,1024,4,V2_RFRAG_FINAL_ACK_APP_RETRY,gilbert,0.85,2.0,0.0882352941,0.5,first_fragment,30,30,15,4,0.26666666666666666,15,0.5,15,0.5,0,123401.25,124151.0,0.6,1.6,3.4,2.066666666666667,1.0666666666666667,0.8,3.466666666666667,38.53333333333333,0.8666666666666667
B_V1_V2_FIRST_LOSS,V2,1024,4,V2_RFRAG_FINAL_ACK_APP_RETRY,gilbert,0.85,5.0,0.0352941176,0.2,first_fragment,30,30,18,5,0.2777777777777778,18,0.6,12,0.4,0,121039.0,120965.0,0.6111111111111112,1.5,3.111111111111111,2.0555555555555554,0.9444444444444444,0.2222222222222222,2.388888888888889,38.05555555555556,0.9444444444444444
B_V1_V2_FIRST_LOSS,V2,1024,4,V2_RFRAG_FINAL_ACK_APP_RETRY,gilbert,0.9,10.0,0.0111111111,0.1,first_fragment,30,30,22,12,0.5454545454545454,22,0.7333333333333333,8,0.26666666666666666,0,121048.75,120948.5,0.8636363636363636,0.8181818181818182,2.3181818181818183,1.9090909090909092,0.9545454545454546,0.09090909090909091,2.4545454545454546,45.59090909090909,1.0
B_V1_V2_FIRST_LOSS,V2,1024,4,V2_RFRAG_FINAL_ACK_APP_RETRY,gilbert,0.9,2.0,0.0555555556,0.5,first_fragment,30,30,19,8,0.42105263157894735,19,0.6333333333333333,11,0.36666666666666664,0,123161.125,121601.0,0.6842105263157895,2.0,3.210526315789474,1.2105263157894737,1.263157894736842,0.7368421052631579,3.526315789473684,42.578947368421055,0.9473684210526315
B_V1_V2_FIRST_LOSS,V2,1024,4,V2_RFRAG_FINAL_ACK_APP_RETRY,gilbert,0.9,5.0,0.0222222222,0.2,first_fragment,30,30,20,13,0.65,20,0.6666666666666666,10,0.3333333333333333,0,122141.30769230769,120964.0,0.8,1.65,2.9,1.45,0.95,0.3,2.7,45.4,1.0
B_V1_V2_FIRST_LOSS,V2,1024,4,V2_RFRAG_FINAL_ACK_APP_RETRY,gilbert,0.95,10.0,0.0052631579,0.1,first_fragment,30,30,24,18,0.75,24,0.8,6,0.2,0,121017.94444444444,120950.5,0.9166666666666666,0.391304347826087,1.173913043478261,1.0,0.9565217391304348,0.043478260869565216,2.608695652173913,47.0,1.0
B_V1_V2_FIRST_LOSS,V2,1024,4,V2_RFRAG_FINAL_ACK_APP_RETRY,gilbert,0.95,2.0,0.0263157895,0.5,first_fragment,30,30,21,18,0.8571428571428571,21,0.7,9,0.3,0,121837.66666666667,121011.5,0.9047619047619048,1.4285714285714286,1.9047619047619047,0.47619047619047616,1.0476190476190477,0.5714285714285714,3.4285714285714284,48.857142857142854,0.9047619047619048
B_V1_V2_FIRST_LOSS,V2,1024,4,V2_RFRAG_FINAL_ACK_APP_RETRY,gilbert,0.95,5.0,0.0105263158,0.2,first_fragment,30,30,23,16,0.6956521739130435,23,0.7666666666666667,7,0.23333333333333334,0,121704.0625,120958.0,0.8695652173913043,1.1304347826086956,2.0434782608695654,1.0869565217391304,1.0,0.17391304347826086,2.8260869565217392,47.130434782608695,1.0
B_V1_V2_FIRST_LOSS,V2,512,4,V2_RFRAG_FINAL_ACK_APP_RETRY,fixed,0.5,,,,first_fragment,30,30,12,7,0.5833333333333334,12,0.4,18,0.6,0,122513.85714285714,122677.0,0.6666666666666666,1.0833333333333333,2.5833333333333335,1.5,1.0833333333333333,0.9166666666666666,3.9166666666666665,23.583333333333332,0.8333333333333334
B_V1_V2_FIRST_LOSS,V2,512,4,V2_RFRAG_FINAL_ACK_APP_RETRY,fixed,0.85,,,,first_fragment,30,30,20,18,0.9,20,0.6666666666666666,10,0.3333333333333333,0,120585.55555555556,120531.5,1.0,0.35,0.65,0.3,1.1,0.35,3.5,27.65,1.0
B_V1_V2_FIRST_LOSS,V2,512,4,V2_RFRAG_FINAL_ACK_APP_RETRY,fixed,0.9,,,,first_fragment,30,30,23,22,0.9565217391304348,23,0.7666666666666667,7,0.23333333333333334,0,120547.63636363637,120547.0,1.0,0.30434782608695654,0.30434782608695654,0.0,1.0434782608695652,0.30434782608695654,3.3043478260869565,27.304347826086957,0.9565217391304348
B_V1_V2_FIRST_LOSS,V2,512,4,V2_RFRAG_FINAL_ACK_APP_RETRY,fixed,0.95,,,,first_fragment,30,30,27,25,0.9259259259259259,27,0.9,3,0.1,0,120539.32,120540.0,1.0,0.14814814814814814,0.18518518518518517,0.037037037037037035,1.0740740740740742,0.14814814814814814,3.1481481481481484,26.85185185185185,1.0
B_V1_V2_FIRST_LOSS,V2,512,4,V2_RFRAG_FINAL_ACK_APP_RETRY,fixed,1.0,,,,first_fragment,30,30,30,30,1.0,30,1.0,0,0.0,0,120533.33333333333,120532.0,1.0,0.0,0.0,0.0,1.0,0.0,3.0,27.0,1.0
B_V1_V2_FIRST_LOSS,V2,512,4,V2_RFRAG_FINAL_ACK_APP_RETRY,gilbert,0.5,10.0,0.1,0.1,first_fragment,30,30,4,0,0.0,4,0.13333333333333333,26,0.8666666666666667,0,,,0.0,0.0,2.75,3.5,0.25,0.0,0.25,11.75,0.75
B_V1_V2_FIRST_LOSS,V2,512,4,V2_RFRAG_FINAL_ACK_APP_RETRY,gilbert,0.5,2.0,0.5,0.5,first_fragment,30,30,0,0,,0,0.0,30,1.0,0,,,,,,,,,,,
B_V1_V2_FIRST_LOSS,V2,512,4,V2_RFRAG_FINAL_ACK_APP_RETRY,gilbert,0.5,5.0,0.2,0.2,first_fragment,30,30,1,0,0.0,1,0.03333333333333333,29,0.9666666666666667,0,,,0.0,0.0,3.0,4.0,0.0,0.0,0.0,12.0,1.0
B_V1_V2_FIRST_LOSS,V2,512,4,V2_RFRAG_FINAL_ACK_APP_RETRY,gilbert,0.85,10.0,0.0176470588,0.1,first_fragment,30,30,20,10,0.5,20,0.6666666666666666,10,0.3333333333333333,0,120542.7,120536.0,0.75,0.0,1.4736842105263157,1.8421052631578947,0.8947368421052632,0.0,2.6315789473684212,22.31578947368421,1.0
B_V1_V2_FIRST_LOSS,V2,512,4,V2_RFRAG_FINAL_ACK_APP_RETRY,gilbert,0.85,2.0,0.0882352941,0.5,first_fragment,30,30,15,5,0.3333333333333333,15,0.5,15,0.5,0,122188.2,120576.0,0.6666666666666666,0.7333333333333333,1.5333333333333334,0.8666666666666667,1.2666666666666666,0.4,2.8,21.333333333333332,0.8666666666666667
B_V1_V2_FIRST_LOSS,V2,512,4,V2_RFRAG_FINAL_ACK_APP_RETRY,gilbert,0.85,5.0,0.0352941176,0.2,first_fragment,30,30,18,9,0.5,18,0.6,12,0.4,0,120557.88888888889,120577.0,0.6666666666666666,0.2777777777777778,1.5,1.3888888888888888,1.0,0.05555555555555555,2.6666666666666665,21.5,0.9444444444444444
B_V1_V2_FIRST_LOSS,V2,512,4,V2_RFRAG_FINAL_ACK_APP_RETRY,gilbert,0.9,10.0,0.0111111111,0.1,first_fragment,30,30,22,12,0.5454545454545454,22,0.7333333333333333,8,0.26666666666666666,0,120537.08333333333,120528.5,0.8181818181818182,0.0,1.1818181818181819,1.5,1.0,0.0,2.6363636363636362,24.09090909090909,1.0
B_V1_V2_FIRST_LOSS,V2,512,4,V2_RFRAG_FINAL_ACK_APP_RETRY,gilbert,0.9,2.0,0.0555555556,0.5,first_fragment,30,30,19,11,0.5789473684210527,19,0.6333333333333333,11,0.36666666666666664,0,120869.54545454546,120633.0,0.8421052631578947,0.6842105263157895,0.9473684210526315,0.3157894736842105,1.2105263157894737,0.42105263157894735,2.9473684210526314,23.68421052631579,0.9473684210526315
B_V1_V2_FIRST_LOSS,V2,512,4,V2_RFRAG_FINAL_ACK_APP_RETRY,gilbert,0.9,5.0,0.0222222222,0.2,first_fragment,30,30,20,13,0.65,20,0.6666666666666666,10,0.3333333333333333,0,120546.23076923077,120523.0,0.85,0.25,1.25,1.2,1.0,0.05,2.75,24.65,1.0
B_V1_V2_FIRST_LOSS,V2,512,4,V2_RFRAG_FINAL_ACK_APP_RETRY,gilbert,0.95,10.0,0.0052631579,0.1,first_fragment,30,30,24,17,0.7083333333333334,24,0.8,6,0.2,0,120718.29411764706,120533.0,0.8333333333333334,0.125,1.0416666666666667,1.125,0.9583333333333334,0.041666666666666664,2.875,25.041666666666668,1.0
B_V1_V2_FIRST_LOSS,V2,512,4,V2_RFRAG_FINAL_ACK_APP_RETRY,gilbert,0.95,2.0,0.0263157895,0.5,first_fragment,30,30,21,18,0.8571428571428571,21,0.7,9,0.3,0,120550.33333333333,120540.0,1.0,0.3,0.35,0.05,1.15,0.2,3.05,26.0,0.9047619047619048
B_V1_V2_FIRST_LOSS,V2,512,4,V2_RFRAG_FINAL_ACK_APP_RETRY,gilbert,0.95,5.0,0.0105263158,0.2,first_fragment,30,30,23,17,0.7391304347826086,23,0.7666666666666667,7,0.23333333333333334,0,120548.94117647059,120531.0,0.8695652173913043,0.22727272727272727,0.7727272727272727,0.6363636363636364,1.0454545454545454,0.045454545454545456,2.909090909090909,24.90909090909091,1.0
B_V1_V2_FIRST_LOSS,V2,768,4,V2_RFRAG_FINAL_ACK_APP_RETRY,fixed,0.5,,,,first_fragment,30,30,12,3,0.25,12,0.4,18,0.6,0,121234.66666666667,120992.0,0.5,1.4166666666666667,2.0,0.5833333333333334,1.25,0.5833333333333334,2.75,27.5,0.8333333333333334
B_V1_V2_FIRST_LOSS,V2,768,4,V2_RFRAG_FINAL_ACK_APP_RETRY,fixed,0.85,,,,first_fragment,30,30,20,18,0.9,20,0.6666666666666666,10,0.3333333333333333,0,121054.44444444444,120782.0,1.0,1.0,1.3,0.3,1.1,0.8,3.8,38.1,1.0
B_V1_V2_FIRST_LOSS,V2,768,4,V2_RFRAG_FINAL_ACK_APP_RETRY,fixed,0.9,,,,first_fragment,30,30,23,22,0.9565217391304348,23,0.7666666666666667,7,0.23333333333333334,0,120857.77272727272,120782.0,1.0,0.8260869565217391,0.9130434782608695,0.08695652173913043,1.0434782608695652,0.6521739130434783,3.608695652173913,38.391304347826086,0.9565217391304348
B_V1_V2_FIRST_LOSS,V2,768,4,V2_RFRAG_FINAL_ACK_APP_RETRY,fixed,0.95,,,,first_fragment,30,30,27,27,1.0,27,0.9,3,0.1,0,120738.5925925926,120725.0,1.0,0.4444444444444444,0.4444444444444444,0.0,1.0,0.3333333333333333,3.3333333333333335,38.44444444444444,1.0
B_V1_V2_FIRST_LOSS,V2,768,4,V2_RFRAG_FINAL_ACK_APP_RETRY,fixed,1.0,,,,first_fragment,30,30,30,30,1.0,30,1.0,0,0.0,0,120719.0,120698.0,1.0,0.0,0.0,0.0,1.0,0.0,3.0,38.0,1.0
B_V1_V2_FIRST_LOSS,V2,768,4,V2_RFRAG_FINAL_ACK_APP_RETRY,gilbert,0.5,10.0,0.1,0.1,first_fragment,30,30,4,0,0.0,4,0.13333333333333333,26,0.8666666666666667,0,,,0.0,0.0,2.25,3.0,0.25,0.0,0.25,15.25,0.75
B_V1_V2_FIRST_LOSS,V2,768,4,V2_RFRAG_FINAL_ACK_APP_RETRY,gilbert,0.5,2.0,0.5,0.5,first_fragment,30,30,0,0,,0,0.0,30,1.0,0,,,,,,,,,,,
B_V1_V2_FIRST_LOSS,V2,768,4,V2_RFRAG_FINAL_ACK_APP_RETRY,gilbert,0.5,5.0,0.2,0.2,first_fragment,30,30,1,0,0.0,1,0.03333333333333333,29,0.9666666666666667,0,,,0.0,0.0,3.0,4.0,0.0,0.0,0.0,16.0,1.0
B_V1_V2_FIRST_LOSS,V2,768,4,V2_RFRAG_FINAL_ACK_APP_RETRY,gilbert,0.85,10.0,0.0176470588,0.1,first_fragment,30,30,20,8,0.4,20,0.6666666666666666,10,0.3333333333333333,0,120707.25,120705.5,0.75,0.0,1.15,1.4,1.1,0.0,2.6,31.1,1.0
B_V1_V2_FIRST_LOSS,V2,768,4,V2_RFRAG_FINAL_ACK_APP_RETRY,gilbert,0.85,2.0,0.0882352941,0.5,first_fragment,30,30,15,8,0.5333333333333333,15,0.5,15,0.5,0,122267.0,121436.0,0.6666666666666666,2.1333333333333333,3.1333333333333333,1.0,1.1333333333333333,0.9333333333333333,3.533333333333333,31.2,0.8666666666666667
B_V1_V2_FIRST_LOSS,V2,768,4,V2_RFRAG_FINAL_ACK_APP_RETRY,gilbert,0.85,5.0,0.0352941176,0.2,first_fragment,30,30,18,8,0.4444444444444444,18,0.6,12,0.4,0,121612.375,120708.5,0.6111111111111112,0.4444444444444444,1.5,1.1666666666666667,1.1111111111111112,0.1111111111111111,2.611111111111111,29.11111111111111,0.9444444444444444
B_V1_V2_FIRST_LOSS,V2,768,4,V2_RFRAG_FINAL_ACK_APP_RETRY,gilbert,0.9,10.0,0.0111111111,0.1,first_fragment,30,30,22,13,0.5909090909090909,22,0.7333333333333333,8,0.26666666666666666,0,120706.69230769231,120694.0,0.9090909090909091,0.0,1.0909090909090908,1.4090909090909092,1.0454545454545454,0.0,2.5454545454545454,34.63636363636363,1.0
B_V1_V2_FIRST_LOSS,V2,768,4,V2_RFRAG_FINAL_ACK_APP_RETRY,gilbert,0.9,2.0,0.0555555556,0.5,first_fragment,30,30,19,13,0.6842105263157895,19,0.6333333333333333,11,0.36666666666666664,0,121513.92307692308,120838.0,0.6842105263157895,1.368421052631579,2.263157894736842,0.8947368421052632,1.0,0.631578947368421,3.4210526315789473,32.36842105263158,0.9473684210526315
B_V1_V2_FIRST_LOSS,V2,768,4,V2_RFRAG_FINAL_ACK_APP_RETRY,gilbert,0.9,5.0,0.0222222222,0.2,first_fragment,30,30,20,15,0.75,20,0.6666666666666666,10,0.3333333333333333,0,121234.4,120719.0,0.85,1.1,1.55,0.55,1.0,0.2,2.7,34.6,1.0
B_V1_V2_FIRST_LOSS,V2,768,4,V2_RFRAG_FINAL_ACK_APP_RETRY,gilbert,0.95,10.0,0.0052631579,0.1,first_fragment,30,30,24,18,0.75,24,0.8,6,0.2,0,120711.38888888889,120695.0,0.9166666666666666,0.20833333333333334,0.9583333333333334,0.9583333333333334,1.0,0.041666666666666664,2.8333333333333335,36.375,1.0
B_V1_V2_FIRST_LOSS,V2,768,4,V2_RFRAG_FINAL_ACK_APP_RETRY,gilbert,0.95,2.0,0.0263157895,0.5,first_fragment,30,30,21,18,0.8571428571428571,21,0.7,9,0.3,0,121040.61111111111,120730.5,0.9047619047619048,0.9047619047619048,1.4285714285714286,0.5714285714285714,1.0,0.38095238095238093,3.238095238095238,37.04761904761905,0.9047619047619048
B_V1_V2_FIRST_LOSS,V2,768,4,V2_RFRAG_FINAL_ACK_APP_RETRY,gilbert,0.95,5.0,0.0105263158,0.2,first_fragment,30,30,23,19,0.8260869565217391,23,0.7666666666666667,7,0.23333333333333334,0,120727.21052631579,120711.0,0.9130434782608695,0.391304347826087,0.6521739130434783,0.34782608695652173,1.0,0.08695652173913043,2.739130434782609,35.43478260869565,1.0
